institution_name,basic,grad_rate,student_count,spending_per_award,full_time_pct,full_time_count,med_sat_value,aid_value,endow_value,grad_on_time_pct,pell_value,fresh_retain_value,full_time_fac_pct,EndowXSpend,PellXSat,RetainXSat,AidXSat,AidXEndow,id
Broward College,Associates--Public Urban-serving Multicampus,0.207,43883,23811,0.304,30322,1012,3732,1208,0,0.501,1,0.245,28763688,507.012,1012,3776784,4508256,73
Texas State University at San Marcos,Masters Colleges and Universities--larger programs,0.217,31005,42278,0.828,25911,1045,5963,4699,0.3,0.345,0.771,0.732,198664322,360.525,805.695,6231335,28020137,490
University of Houston-Victoria,Masters Colleges and Universities--larger programs,0.323,2889,36332,0.507,2076,903,4725,5131,0,0.437,0.478,0.591,186419492,394.611,431.63399999999996,4266675,24243975,478
College of William and Mary,Research Universities--high research activity,0.251,6271,80906,0.988,6098,1358,13615,84573,0.83,0.117,0.956,0.788,6842463138,158.886,1298.248,18489170,1151461395,515
University of North Carolina at Pembroke,Masters Colleges and Universities--medium programs,0.173,5429,57497,0.779,5048,926,5930,3278,0.15,0.535,0.676,0.748,188475166,495.41,625.976,5491180,19438540,343
Eastern Washington University,Masters Colleges and Universities--larger programs,0.211,11678,45343,0.832,10531,970,8483,1985,0.18,0.387,0.748,0.634,90005855,375.39,725.56,8228510,16838755,533
West Chester University of Pennsylvania,Masters Colleges and Universities--larger programs,0.214,13711,53890,0.909,13049,1105,5291,1756,0.43,0.241,0.874,0.72,94630840,266.305,965.77,5846555,9290996,445
St. Mary's College of Maryland,Baccalaureate Colleges--Arts & Sciences,0.22,1819,109456,0.969,1922,1221,8605,14712,0.71,0.152,0.9,0.754,1610316672,185.59199999999998,1098.9,10506705,126596760,198
University of Wisconsin at Green Bay,Masters Colleges and Universities--smaller programs,0.23,6445,45862,0.672,5322,1070,5295,5300,0.2,0.329,0.719,0.676,243068600,352.03000000000003,769.3299999999999,5665650,28063500,557
Dickinson State University,Baccalaureate Colleges--Diverse Fields,0.229,1449,49919,0.703,1411,965,3878,7753,0.15,0.234,0.555,0.603,387022007,225.81,535.575,3742270,30066134,347
Boise State University,Masters Colleges and Universities--larger programs,0.187,19026,48958,0.654,14986,1050,4125,4948,0.1,0.372,0.713,0.555,242244184,390.6,748.65,4331250,20410500,127
Grambling State University,Masters Colleges and Universities--medium programs,0.166,4155,53151,0.929,4191,863,13767,2220,0.07,0.735,0.689,0.89,117995220,634.305,594.607,11880921,30562740,169
Morgan State University,Doctoral/Research Universities,0.14,6252,102886,0.88,6227,893,7073,3328,0.11,0.615,0.721,0.847,342404608,549.1949999999999,643.853,6316189,23538944,196
Pittsburg State University,Masters Colleges and Universities--larger programs,0.195,6236,47644,0.902,6041,1010,4336,10809,0.24,0.403,0.743,0.753,514983996,407.03000000000003,750.43,4379360,46867824,159
University of Tennessee at Martin,Masters Colleges and Universities--medium programs,0.166,7025,61339,0.844,6728,1050,7521,4610,0.21,0.471,0.699,0.755,282772790,494.54999999999995,733.9499999999999,7897050,34671810,469
Saginaw Valley State University,Masters Colleges and Universities--larger programs,0.157,9163,55274,0.832,8153,990,5534,6705,0.1,0.408,0.705,0.421,370612170,403.91999999999996,697.9499999999999,5478660,37105470,224
University of Texas at San Antonio,Research Universities--high research activity,0.188,24342,53000,0.823,22635,1050,6632,3953,0.09,0.438,0.644,0.713,209509000,459.9,676.2,6963600,26216296,500
Kent State University-Tuscarawas,Associates--Public 2-year colleges under 4-year universities,0.147,2375,49990,0.368,1572,1012,3841,3808,0.04,0.5,0.694,0.415,190361920,506,702.328,3887092,14626528,365
University of Illinois at Chicago,Research Universities--very high research activity,0.231,16671,140990,0.924,15972,1092,12029,7841,0.29,0.491,0.798,0.62,1105502590,536.172,871.416,13135668,94319389,132
University of Memphis,Research Universities--high research activity,0.188,17223,66593,0.715,14524,1031,6618,12196,0.13,0.471,0.758,0.622,812168228,485.601,781.498,6823158,80713128,466
Auburn University,Research Universities--high research activity,0.215,19799,71999,0.91,19635,1215,8875,22092,0.37,0.169,0.895,0.887,1590601908,205.335,1087.425,10783125,196066500,6
University of Wisconsin-Parkside,Baccalaureate Colleges--Arts & Sciences,0.178,4450,73070,0.749,3761,990,5942,1288,0.09,0.426,0.727,0.713,94114160,421.74,719.73,5882580,7653296,560
Michigan Technological University,Research Universities--high research activity,0.204,5617,76157,0.925,5171,1206,9648,13615,0.23,0.267,0.822,0.815,1036877555,322.002,991.332,11635488,131357520,218
University of Hawaii at Hilo,Baccalaureate Colleges--Arts & Sciences,0.215,3457,105035,0.8,3036,967,6906,63,0.08,0.453,0.698,0.718,6617205,438.051,674.966,6678102,435078,124
University of Cincinnati-Raymond Walters College,Associates--Public 2-year colleges under 4-year universities,0.15,4796,56125,0.618,3699,1012,4870,58,0,0.415,1,0.364,3255250,419.97999999999996,1012,4928440,282460,359
Washburn University,Masters Colleges and Universities--medium programs,0.218,6179,59088,0.659,4786,1012,5317,27531,0.17,0.374,0.645,0.518,1626751728,378.488,652.74,5380804,146382327,160
University of Massachusetts at Boston,Research Universities--high research activity,0.211,12366,72033,0.708,10329,1015,8028,5242,0.15,0.383,0.775,0.513,377596986,388.745,786.625,8148420,42082776,204
Harris-Stowe State University,Baccalaureate Colleges--Diverse Fields,0.123,1298,107699,0.758,1155,1012,4687,969,0.02,0.755,0.431,0.275,104360331,764.0600000000001,436.17199999999997,4743244,4541703,245
Valencia Community College,Associates--Public Urban-serving Multicampus,0.243,42180,15845,0.392,30467,1012,4541,1893,0,0.446,1,0.306,29994585,451.35200000000003,1012,4595492,8596113,101
University of Pittsburgh main campus,Research Universities--very high research activity,0.234,18615,101331,0.939,18565,1258,10218,100631,0.64,0.171,0.909,0.865,10197039861,215.11800000000002,1143.522,12854244,1028247558,441
Savannah State University,Baccalaureate Colleges--Arts & Sciences,0.098,4602,102724,0.89,4045,847,5676,1037,0.08,0.74,0.702,0.782,106524788,626.78,594.5939999999999,4807572,5886012,120
Chipola College,Associates--Public 4-year Primarily Associates,0.284,2160,28134,0.436,1609,1012,4754,8895,0,0.423,1,0.35,250251930,428.07599999999996,1012,4811048,42286830,76
Pennsylvania State University-New Kensington,Baccalaureate Colleges--Diverse Fields,0.167,680,0,0.771,641,991,4663,10806,0.33,0.337,0.714,0.494,0,333.96700000000004,707.574,4621033,50388378,420
Alabama A&M University,Masters Colleges and Universities--larger programs,0.142,4051,105331,0.938,3906,823,7142,3808,0.1,0.712,0.631,0.828,401100448,585.976,519.313,5877866,27196736,1
Lewis-Clark State College,Baccalaureate Colleges--Diverse Fields,0.212,4304,52115,0.568,3199,936,4807,1610,0.08,0.417,0.598,0.631,83905150,390.31199999999995,559.728,4499352,7739270,129
University of Montana-Western,Baccalaureate Colleges--Diverse Fields,0.168,1455,61415,0.822,1388,1012,4783,2635,0.26,0.423,0.688,0.806,161828525,428.07599999999996,696.256,4840396,12603205,260
Mississippi State University,Research Universities--very high research activity,0.192,16399,56146,0.918,15593,1106,6487,20934,0.3,0.341,0.785,0.864,1175360364,377.146,868.21,7174622,135798858,242
University of Massachusetts at Dartmouth,Masters Colleges and Universities--larger programs,0.186,7437,82133,0.857,6783,1061,7372,5411,0.3,0.38,0.761,0.604,444421663,403.18,807.421,7821692,39889892,209
City College of City University of New York,Masters Colleges and Universities--larger programs,0.188,12501,97581,0.742,10578,1110,6643,17183,0.09,0.507,0.875,0.403,1676734323,562.77,971.25,7373730,114146669,296
Eastern Kentucky University,Masters Colleges and Universities--larger programs,0.204,13891,56565,0.79,12093,1009,6183,4256,0.17,0.428,0.715,0.828,240740640,431.852,721.435,6238647,26314848,162
Vermont Technical College,Baccalaureate/Associates Colleges,0.432,1543,59065,0.68,1412,933,6011,3808,0.28,0.385,0.699,0.45,224919520,359.205,652.1669999999999,5608263,22889888,514
Brazosport College,Associates--Public 4-year Primarily Associates,0.167,4127,51065,0.234,2573,1012,3267,1847,0,0.177,1,0.353,94317055,179.124,1012,3306204,6034149,473
University of Houston-Downtown,Baccalaureate Colleges--Diverse Fields,0.25,13486,36620,0.511,9983,894,4646,3647,0.02,0.474,0.631,0.524,133553140,423.756,564.114,4153524,16943962,477
Frostburg State University,Masters Colleges and Universities--larger programs,0.212,4703,53942,0.891,4407,963,6343,3542,0.22,0.35,0.768,0.643,191062564,337.04999999999995,739.5840000000001,6108309,22466906,192
Herbert H. Lehman College of City University of New York,Masters Colleges and Universities--larger programs,0.219,9886,65181,0.571,7273,1020,6106,821,0.14,0.523,0.815,0.477,53513601,533.46,831.3,6228120,5013026,299
Old Dominion University,Research Universities--high research activity,0.217,19819,49148,0.762,16867,1016,6883,8279,0.23,0.339,0.796,0.592,406896292,344.42400000000004,808.736,6993128,56984357,522
Southwestern Oklahoma State University,Masters Colleges and Universities--medium programs,0.178,4162,48611,0.809,3758,990,6469,4132,0.14,0.392,0.701,0.766,200860652,388.08000000000004,693.99,6404310,26729908,400
West Texas A&M University,Masters Colleges and Universities--larger programs,0.225,6906,43276,0.8,5837,994,5330,3232,0.24,0.386,0.656,0.743,139868032,383.684,652.0640000000001,5298020,17226560,504
University of Virginia's College at Wise,Baccalaureate Colleges--Arts & Sciences,0.154,2291,85403,0.642,1848,949,11916,32350,0.24,0.38,0.711,0.571,2762787050,360.62,674.7389999999999,11308284,385482600,524
University of Minnesota at Crookston,Baccalaureate Colleges--Diverse Fields,0.173,2839,56410,0.46,1934,1004,7681,7068,0.33,0.239,0.691,0.787,398705880,239.956,693.7639999999999,7711724,54289308,230
Abraham Baldwin Agricultural College,Associates--Public 4-year Primarily Associates,0.198,3394,51855,0.692,2564,897,4200,4111,0,0.461,0.604,0.569,213175905,413.517,541.788,3767400,17266200,103
Northern Arizona University,Research Universities--high research activity,0.201,22160,49529,0.838,21724,1050,7224,4163,0.3,0.378,0.718,0.612,206189227,396.9,753.9,7585200,30073512,17
Oklahoma State University-Oklahoma City,Associates--Public 4-year Primarily Associates,0.161,6996,31792,0.322,4784,1012,6582,22,0,0.419,1,0.238,699424,424.02799999999996,1012,6660984,144804,395
Daytona State College,Associates--Public 4-year Primarily Associates,0.277,14865,23363,0.414,11389,1012,3625,504,0,0.491,1,0.371,11774952,496.892,1012,3668500,1827000,77
University of Nebraska at Kearney,Masters Colleges and Universities--larger programs,0.16,5502,52623,0.868,5221,1049,6682,11,0.21,0.344,0.755,0.722,578853,360.856,791.995,7009418,73502,262
University of Maine at Farmington,Baccalaureate Colleges--Diverse Fields,0.193,1901,74207,0.938,1968,1012,6034,5883,0.37,0.46,0.711,0.672,436559781,465.52000000000004,719.5319999999999,6106408,35498022,183
Pennsylvania State University-Harrisburg,Masters Colleges and Universities--larger programs,0.21,3577,0,0.873,3265,1027,5100,11149,0.39,0.346,0.819,0.635,0,355.342,841.1129999999999,5237700,56859900,428
University of Maryland University College,Masters Colleges and Universities--larger programs,0.294,26740,31611,0.221,17160,1012,8364,523,0.01,0.239,0.357,0.082,16532553,241.868,361.284,8464368,4374372,193
Western Carolina University,Masters Colleges and Universities--larger programs,0.237,8448,48912,0.838,7559,1034,5785,6199,0.32,0.381,0.786,0.691,303205488,393.954,812.724,5981690,35861215,345
Kent State University-Geauga,Associates--Public 4-year Primarily Associates,0.079,2646,129030,0.223,1308,1012,3788,3808,0.07,0.408,0.61,0.257,491346240,412.89599999999996,617.3199999999999,3833456,14424704,368
Indiana University-Purdue University at Fort Wayne,Masters Colleges and Universities--larger programs,0.167,12928,56989,0.574,9684,996,5472,4586,0.05,0.367,0.672,0.431,261351554,365.532,669.312,5450112,25094592,141
Bowie State University,Doctoral/Research Universities,0.176,4358,67945,0.808,3848,886,6887,1371,0.12,0.487,0.702,0.499,93152595,431.48199999999997,621.972,6101882,9442077,190
University of California-Merced,Not applicable- not in Carnegie universe,0.127,5837,156751,0.99,5651,1010,17135,1156,0.26,0.598,0.843,0.816,181204156,603.98,851.43,17306350,19808060,579
Florida Gateway College,Associates--Public Rural-serving Medium,0.238,3057,30369,0.311,2179,1012,2383,1548,0,0.39,1,0.375,47011212,394.68,1012,2411596,3688884,86
Bridgewater State College,Masters Colleges and Universities--larger programs,0.206,9615,43917,0.836,8770,991,4805,2933,0.28,0.237,0.814,0.418,128808561,234.867,806.674,4761755,14093065,200
Navajo Technical College,Tribal Colleges,0.178,1956,103829,0.65,1364,1012,5293,299,0,0.657,0.444,0.384,31044871,664.884,449.32800000000003,5356516,1582607,285
Dine College,Tribal Colleges,0.102,1466,165574,0.622,1357,1012,4746,3400,0,0.822,0.8,1,562951600,831.8639999999999,809.6,4802952,16136400,16
Cameron University,Masters Colleges and Universities--smaller programs,0.163,5358,55914,0.67,4352,1012,5184,3381,0.08,0.486,0.604,0.604,189045234,491.832,611.2479999999999,5246208,17527104,387
University of North Florida,Masters Colleges and Universities--larger programs,0.272,14263,33419,0.707,12712,1143,4824,6018,0.21,0.348,0.817,0.616,201115542,397.76399999999995,933.8309999999999,5513832,29030832,90
Truman State University,Masters Colleges and Universities--medium programs,0.224,5898,52652,0.911,5156,1243,6719,5971,0.53,0.19,0.874,0.862,314385092,236.17000000000002,1086.382,8351717,40119149,252
Troy University,Masters Colleges and Universities--larger programs,0.214,16316,38447,0.56,13261,1012,5321,33,0.13,0.476,0.739,0.374,1268751,481.712,747.8679999999999,5384852,175593,12
University of Alaska at Anchorage,Masters Colleges and Universities--larger programs,0.161,16380,88284,0.469,11469,1012,4830,4018,0.08,0.247,0.706,0.474,354725112,249.964,714.472,4887960,19406940,13
South Seattle Community College,Associates--Public 4-year Primarily Associates,0.164,4951,28803,0.402,3986,1012,5220,2579,0,0.165,1,0.322,74282937,166.98000000000002,1012,5282640,13462380,539
Columbia Basin College,Associates--Public Rural-serving Large,0.229,6480,34209,0.57,5111,1012,5015,2797,0,0.308,1,0.836,95682573,311.69599999999997,1012,5075180,14026955,532
Oakland University,Doctoral/Research Universities,0.192,16594,57103,0.738,14268,1070,6383,3707,0.14,0.203,0.781,0.522,211680821,217.21,835.6700000000001,6829810,23661781,223
State University of New York at Fredonia,Masters Colleges and Universities--medium programs,0.216,5092,64309,0.971,5319,1056,5041,4444,0.45,0.35,0.776,0.516,285789196,369.59999999999997,819.456,5323296,22402204,319
University of Wisconsin at Platteville,Masters Colleges and Universities--larger programs,0.171,7862,57519,0.895,7282,1050,4569,2379,0.18,0.306,0.753,0.8,136837701,321.3,790.65,4797450,10869651,564
Georgia Southwestern State University,Masters Colleges and Universities--smaller programs,0.205,2667,40893,0.701,2459,950,4979,4532,0.15,0.477,0.65,0.701,185327076,453.15,617.5,4730050,22564828,114
University of California at San Diego,Research Universities--very high research activity,0.263,23805,155660,0.973,23961,1276,15989,15714,0.56,0.427,0.942,0.817,2446041240,544.852,1201.992,20401964,251251146,45
St. Cloud State University,Masters Colleges and Universities--larger programs,0.208,15134,47719,0.652,11667,1010,4842,1366,0.19,0.307,0.707,0.631,65184154,310.07,714.0699999999999,4890420,6614172,234
State University of New York College at Old Westbury,Baccalaureate Colleges--Arts & Sciences,0.203,4161,74025,0.855,3945,998,6254,44,0.19,0.471,0.758,0.466,3257100,470.058,756.484,6241492,275176,326
Southern Connecticut State University,Masters Colleges and Universities--larger programs,0.222,8257,62097,0.85,7281,921,5950,1343,0.17,0.346,0.752,0.396,83396271,318.666,692.592,5479950,7990850,68
North Carolina Agricultural and Technical State University,Doctoral/Research Universities,0.146,8872,84313,0.913,8578,902,7213,3808,0.16,0.588,0.798,0.69,321063904,530.376,719.796,6506126,27467104,335
Virginia State University,Masters Colleges and Universities--smaller programs,0.158,5073,71443,0.95,5334,811,14963,6090,0.25,0.683,0.649,0.635,435087870,553.913,526.339,12134993,91124670,528
Dalton State College,Baccalaureate/Associates Colleges,0.161,5015,41916,0.607,3846,1012,4398,2488,0.07,0.612,0.712,0.703,104287008,619.3439999999999,720.544,4450776,10942224,110
New York City College of Technology/City University of New York,Baccalaureate/Associates Colleges,0.162,16860,80936,0.612,12303,936,6014,1018,0.03,0.584,0.766,0.394,82392848,546.6239999999999,716.976,5629104,6122252,301
California State University at Los Angeles,Masters Colleges and Universities--larger programs,0.229,19589,44071,0.831,15805,871,9061,989,0.06,0.645,0.821,0.5,43586219,561.795,715.091,7892131,8961329,38
San Francisco State University,Masters Colleges and Universities--larger programs,0.27,26156,41281,0.845,22077,998,8842,1675,0.12,0.424,0.821,0.497,69145675,423.152,819.358,8824316,14810350,51
Fitchburg State College,Masters Colleges and Universities--larger programs,0.212,4245,52671,0.81,3622,987,5198,2349,0.2,0.342,0.781,0.549,123724179,337.55400000000003,770.847,5130426,12210102,201
Missouri State University,Masters Colleges and Universities--larger programs,0.213,18027,42147,0.766,14239,1090,5159,4100,0.3,0.32,0.752,0.642,172802700,348.8,819.68,5623310,21151900,255
Jacksonville State University,Masters Colleges and Universities--larger programs,0.181,7588,51692,0.762,6856,1036,6289,1488,0.1,0.461,0.711,0.652,76917696,477.596,736.596,6515404,9358032,7
Missouri Western State University,Baccalaureate Colleges--Diverse Fields,0.162,5616,63770,0.702,4452,1012,5783,5765,0.13,0.425,0.604,0.501,367634050,430.09999999999997,611.2479999999999,5852396,33338995,248
Central Michigan University,Doctoral/Research Universities,0.2,20534,45150,0.871,18746,1029,6148,4019,0.2,0.349,0.767,0.676,181457850,359.121,789.243,6326292,24708812,212
Delaware State University,Masters Colleges and Universities--medium programs,0.141,3892,129813,0.92,3797,890,7655,4724,0.18,0.503,0.652,0.654,613236612,447.67,580.28,6812950,36162220,70
University of Arkansas at Little Rock,Doctoral/Research Universities,0.189,9970,53575,0.557,7814,1077,6619,7674,0.07,0.403,0.697,0.609,411134550,434.031,750.669,7128663,50794206,18
Southern University at New Orleans,Masters Colleges and Universities--medium programs,0.158,1809,53397,0.676,976,808,3269,4688,0.03,0.627,0.523,0.686,250325136,506.616,422.584,2641352,15325072,180
University of Louisville,Research Universities--very high research activity,0.197,15954,101486,0.779,13750,1142,8076,41605,0.25,0.3,0.779,0.745,4222325030,342.59999999999997,889.618,9222792,336001980,164
University of Maine at Machias,Baccalaureate Colleges--Arts & Sciences,0.143,892,120185,0.492,613,937,8021,2765,0.13,0.409,0.659,0.416,332311525,383.233,617.4830000000001,7515677,22178065,185
North Carolina Central University,Masters Colleges and Universities--larger programs,0.149,6220,80522,0.852,6321,859,8020,2872,0.15,0.635,0.732,0.721,231259184,545.465,628.788,6889180,23033440,339
State University of New York Institute of Technology at Utica-Rome,Masters Colleges and Universities--medium programs,0.265,1804,62493,0.79,1501,1053,5353,1367,0.32,0.385,0.838,0.417,85427931,405.40500000000003,882.414,5636709,7317551,315
Florida State University,Research Universities--very high research activity,0.278,32528,45742,0.889,31611,1212,4537,13906,0.56,0.306,0.917,0.718,636088252,370.872,1111.404,5498844,63091522,83
Pennsylvania State University-Beaver,Baccalaureate Colleges--Arts & Sciences,0.11,703,0,0.89,684,955,4857,9846,0.24,0.365,0.677,0.586,0,348.575,646.5350000000001,4638435,47822022,426
Dakota State University,Masters Colleges and Universities--smaller programs,0.165,2876,66121,0.414,1765,1010,3842,4392,0.19,0.236,0.693,0.792,290403432,238.35999999999999,699.93,3880420,16874064,459
Seminole State College of Florida,Associates--Public Suburban-serving Single Campus,0.193,18427,14911,0.374,15021,1012,4007,725,0,0.477,1,0.253,10810475,482.724,1012,4055084,2905075,97
Utah Valley University,Baccalaureate Colleges--Diverse Fields,0.183,30370,44019,0.519,24295,1012,4657,689,0.07,0.413,0.607,0.353,30329091,417.95599999999996,614.284,4712884,3208673,509
California State University at San Bernardino,Masters Colleges and Universities--larger programs,0.22,16191,50514,0.883,14586,888,9354,1353,0.09,0.58,0.888,0.505,68345442,515.04,788.544,8306352,12655962,30
University of Houston main campus,Research Universities--very high research activity,0.205,31706,62354,0.72,26905,1136,6759,18003,0.16,0.388,0.846,0.881,1122559062,440.76800000000003,961.0559999999999,7678224,121682277,479
California State University-Monterey Bay,Masters Colleges and Universities--smaller programs,0.186,5306,84364,0.934,4805,976,9082,3085,0.12,0.476,0.812,0.457,260262940,464.57599999999996,792.5120000000001,8864032,28017970,575
State University of New York College of Environmental Science and Forestry,Doctoral/Research Universities,0.242,1702,104139,0.968,1678,1155,5465,10676,0.5,0.268,0.857,0.748,1111787964,309.54,989.835,6312075,58344340,314
Marshall University,Masters Colleges and Universities--larger programs,0.174,9756,61448,0.847,9089,1022,7530,8586,0.23,0.436,0.686,0.743,527592528,445.592,701.0920000000001,7695660,64652580,547
Richard Stockton College of New Jersey,Masters Colleges and Universities--medium programs,0.249,7539,57039,0.922,7880,1068,7950,2730,0.42,0.356,0.868,0.48,155716470,380.20799999999997,927.024,8490600,21703500,282
Norfolk State University,Masters Colleges and Universities--larger programs,0.164,6021,69709,0.827,5541,879,7489,1401,0.21,0.617,0.72,0.705,97662309,542.343,632.88,6582831,10492089,521
East Carolina University,Doctoral/Research Universities,0.2,21508,65672,0.86,20348,1050,7624,5852,0.3,0.321,0.809,0.823,384312544,337.05,849.45,8005200,44615648,332
Southeastern Louisiana University,Masters Colleges and Universities--larger programs,0.17,13730,44243,0.728,11825,1030,6100,1020,0.13,0.333,0.633,0.781,45127860,342.99,651.99,6283000,6222000,178
Mississippi University for Women,Masters Colleges and Universities--smaller programs,0.261,2429,40775,0.801,2409,995,5350,1444,0.21,0.493,0.791,0.628,58879100,490.53499999999997,787.0450000000001,5323250,7725400,240
State University of New York College at Purchase,Baccalaureate Colleges--Arts & Sciences,0.23,4239,98447,0.908,4299,1082,5890,12326,0.5,0.318,0.824,0.395,1213457722,344.076,891.568,6372980,72600140,325
Sul Ross State University,Masters Colleges and Universities--larger programs,0.219,2003,56157,0.606,1581,865,4806,7398,0.14,0.606,0.478,0.682,415449486,524.1899999999999,413.46999999999997,4157190,35554788,491
Langston University,Masters Colleges and Universities--smaller programs,0.158,2075,62166,0.887,1753,1012,6501,19868,0.15,0.717,0.7,0.994,1235114088,725.6039999999999,708.4,6579012,129161868,390
Ohio University,Research Universities--high research activity,0.255,23504,50957,0.713,21755,1104,6185,16736,0.47,0.234,0.786,0.658,852816352,258.336,867.744,6828240,103512160,380
Kent State University-Salem,Baccalaureate/Associates Colleges,0.124,1844,68796,0.381,1211,1012,4282,3808,0.11,0.524,0.557,0.333,261975168,530.288,563.6840000000001,4333384,16305856,366
Arkansas State University,Masters Colleges and Universities--larger programs,0.236,10098,27456,0.757,9242,1088,7744,3440,0.18,0.462,0.731,0.739,94448640,502.656,795.328,8425472,26639360,20
University of Maine at Presque Isle,Baccalaureate Colleges--Diverse Fields,0.216,1263,75893,0.568,1020,1012,5842,1123,0.15,0.364,0.595,0.479,85227839,368.368,602.14,5912104,6560566,187
Indian River State College,Associates--Public 4-year Primarily Associates,0.258,17248,22361,0.344,12211,1012,3869,1721,0,0.399,1,0.253,38483281,403.788,1012,3915428,6658549,85
Indiana University-Northwest,Masters Colleges and Universities--medium programs,0.157,5904,53831,0.546,4034,918,6082,1924,0.07,0.347,0.679,0.447,103570844,318.546,623.322,5583276,11701768,147
University of Central Arkansas,Masters Colleges and Universities--larger programs,0.238,9754,50994,0.849,8908,1070,7764,2317,0.2,0.394,0.698,0.737,118153098,421.58000000000004,746.8599999999999,8307480,17989188,23
Prairie View A&M University,Masters Colleges and Universities--larger programs,0.153,6731,72886,0.926,6386,845,7846,8014,0.11,0.654,0.679,0.861,584108404,552.63,573.755,6629870,62877844,487
Georgia Southern University,Doctoral/Research Universities,0.165,17904,52327,0.88,17010,1094,5192,2244,0.25,0.375,0.805,0.871,117421788,410.25,880.6700000000001,5680048,11650848,116
Winthrop University,Masters Colleges and Universities--larger programs,0.201,5048,63591,0.878,4806,1030,9043,6506,0.34,0.404,0.718,0.55,413723046,416.12,739.54,9314290,58833758,457
Fairmont State University,Masters Colleges and Universities--smaller programs,0.193,3966,53808,0.866,3536,965,6130,3808,0.14,0.48,0.612,0.567,204900864,463.2,590.58,5915450,23343040,545
Louisiana Tech University,Research Universities--high research activity,0.169,9245,43921,0.712,7530,1089,6745,8196,0.29,0.222,0.786,0.807,359976516,241.758,855.9540000000001,7345305,55282020,172
California State University-Dominguez Hills,Masters Colleges and Universities--larger programs,0.26,12481,38497,0.687,8683,845,8895,1234,0.03,0.586,0.793,0.388,47505298,495.16999999999996,670.085,7516275,10976430,33
New College of Florida,Baccalaureate Colleges--Arts & Sciences,0.193,793,121756,1,946,1283,7622,40346,0.56,0.286,0.812,0.743,4912367576,366.938,1041.796,9779026,307517212,568
University of Texas at El Paso,Research Universities--high research activity,0.2,19696,44732,0.659,15631,923,6855,10862,0.12,0.58,0.699,0.699,485878984,535.3399999999999,645.1769999999999,6327165,74459010,497
Austin Peay State University,Masters Colleges and Universities--larger programs,0.197,9550,49698,0.719,8013,1009,6783,2599,0.15,0.538,0.662,0.574,129165102,542.842,667.9580000000001,6844047,17629017,464
Mississippi Valley State University,Masters Colleges and Universities--medium programs,0.164,1926,77568,0.831,2032,825,7058,838,0.1,0.69,0.53,0.851,65001984,569.25,437.25,5822850,5914604,241
Olympic College,Associates--Public 4-year Primarily Associates,0.248,7329,16628,0.585,6158,1012,5672,1615,0,0.318,1,0.28,26854220,321.81600000000003,1012,5740064,9160280,537
Plymouth State University,Masters Colleges and Universities--larger programs,0.211,4065,50137,0.934,4031,965,7823,2123,0.41,0.27,0.716,0.399,106440851,260.55,690.9399999999999,7549195,16608229,272
Ohio State University at Lima,Baccalaureate Colleges--Diverse Fields,0.129,1059,103730,0.823,954,1012,3745,4775,0.19,0.458,0.592,0.414,495310750,463.49600000000004,599.1039999999999,3789940,17882375,372
Rowan University,Masters Colleges and Universities--larger programs,0.243,10951,86923,0.854,9639,1120,5840,10331,0.45,0.301,0.841,0.395,898001513,337.12,941.92,6540800,60333040,274
University of Central Florida,Research Universities--very high research activity,0.264,51333,31929,0.706,45565,1175,4450,2587,0.35,0.377,0.871,0.662,82600323,442.975,1023.425,5228750,11512150,75
North Seattle Community College,Associates--Public Urban-serving Multicampus,0.186,6118,36312,0.366,4220,1012,5536,1270,0,0.154,1,0.268,46116240,155.84799999999998,1012,5602432,7030720,536
California State Polytechnic University at Pomona,Masters Colleges and Universities--larger programs,0.239,20952,50007,0.879,17439,1070,8932,3819,0.1,0.44,0.9,0.488,190976733,470.8,963,9557240,34111308,31
University of Texas of the Permian Basin,Masters Colleges and Universities--medium programs,0.212,4246,61549,0.453,2625,1008,3583,12071,0.12,0.212,0.664,0.596,742957979,213.696,669.312,3611664,43250393,499
University of California at Santa Cruz,Research Universities--very high research activity,0.249,15695,66676,0.976,16216,1087,17299,3473,0.5,0.446,0.888,0.689,231565748,484.802,965.256,18804013,60079427,47
Gordon College (Ga.),Associates--Public 4-year Primarily Associates,0.15,4187,36914,0.659,3336,840,4069,703,0,0.539,1,0.532,25950542,452.76000000000005,840,3417960,2860507,118
State University of New York College at New Paltz,Masters Colleges and Universities--larger programs,0.25,6570,55803,0.922,6641,1129,5892,2054,0.5,0.28,0.872,0.535,114619362,316.12,984.4879999999999,6652068,12102168,321
"State University of New York, The College at Brockport",Masters Colleges and Universities--larger programs,0.257,7090,61565,0.904,6765,1069,5489,1042,0.48,0.408,0.808,0.569,64150730,436.152,863.7520000000001,5867741,5719538,316
University of South Carolina Upstate,Baccalaureate Colleges--Diverse Fields,0.221,5308,54044,0.796,4924,982,6857,1349,0.23,0.456,0.661,0.494,72905356,447.79200000000003,649.102,6733574,9250093,456
University of Minnesota at Morris,Baccalaureate Colleges--Arts & Sciences,0.176,1946,90040,0.933,1852,1168,8249,6067,0.5,0.293,0.871,0.78,546272680,342.224,1017.328,9634832,50046683,232
Lincoln University (Pa.),Masters Colleges and Universities--larger programs,0.187,1624,95409,0.916,1649,853,9709,14250,0.22,0.643,0.716,0.575,1359578250,548.479,610.7479999999999,8281777,138353250,415
Middle Tennessee State University,Doctoral/Research Universities,0.195,21162,48916,0.821,19577,1011,6754,3501,0.16,0.449,0.684,0.725,171254916,453.939,691.524,6828294,23645754,467
Jackson State University,Research Universities--high research activity,0.165,6903,83508,0.842,6193,910,6853,2037,0.16,0.648,0.755,0.723,170105796,589.6800000000001,687.05,6236230,13959561,239
Southern University and A&M College,Masters Colleges and Universities--larger programs,0.146,5746,70875,0.819,5113,1012,5537,1437,0.08,0.628,0.674,0.626,101847375,635.5360000000001,682.0880000000001,5603444,7956669,179
Southeast Missouri State University,Masters Colleges and Universities--larger programs,0.179,10605,52712,0.75,8943,1049,5017,6578,0.26,0.356,0.726,1,346739536,373.44399999999996,761.574,5262833,33001826,254
Gulf Coast Community College,Associates--Public Rural-serving Large,0.211,6271,37408,0.355,4474,1012,3585,5953,0,0.428,1,0.34,222689824,433.13599999999997,1012,3628020,21341505,84
Millersville University of Pennsylvania,Masters Colleges and Universities--larger programs,0.211,7388,69916,0.891,7048,1014,5478,3347,0.37,0.315,0.811,0.631,234008852,319.41,822.354,5554692,18334866,418
Western Washington University,Masters Colleges and Universities--larger programs,0.237,14026,47756,0.923,13352,1114,7836,3716,0.37,0.255,0.828,0.624,177461296,284.07,922.3919999999999,8729304,29118576,542
University of Massachusetts at Lowell,Research Universities--high research activity,0.187,12734,67895,0.709,10499,1132,6944,4819,0.28,0.299,0.839,0.553,327186005,338.46799999999996,949.7479999999999,7860608,33463136,203
Valdosta State University,Masters Colleges and Universities--larger programs,0.174,9718,43779,0.852,9382,1033,5174,2747,0.15,0.459,0.689,0.791,120260913,474.147,711.737,5344742,14212978,122
Western Kentucky University,Masters Colleges and Universities--larger programs,0.189,17509,59899,0.764,15115,1009,6072,945,0.25,0.393,0.718,0.632,56604555,396.53700000000003,724.462,6126648,5738040,168
Polk State College,Associates--Public Rural-serving Large,0.202,11085,34331,0.347,7935,1012,4669,1393,0,0.415,1,0.246,47823083,419.97999999999996,1012,4725028,6503917,94
Glenville State College,Baccalaureate Colleges--Diverse Fields,0.132,1850,79840,0.602,1397,879,6158,9614,0.13,0.405,0.633,0.622,767581760,355.995,556.407,5412882,59203012,546
Granite State College,Baccalaureate Colleges--Arts & Sciences,0.283,1723,27453,0.533,1531,1012,3683,1215,0.09,0.494,0.6,0.032,33355395,499.928,607.1999999999999,3727196,4474845,273
McNeese State University,Masters Colleges and Universities--larger programs,0.173,7575,39156,0.789,6942,1030,5349,2199,0.13,0.364,0.691,0.655,86104044,374.92,711.7299999999999,5509470,11762451,173
Colorado School of Mines,Research Universities--high research activity,0.174,4291,91333,0.951,4410,1298,8507,41918,0.41,0.175,0.919,0.684,3828496694,227.14999999999998,1192.862,11042086,356596426,58
Northern Kentucky University,Masters Colleges and Universities--larger programs,0.195,12794,61829,0.761,10741,1024,6029,6511,0.13,0.337,0.674,0.566,402568619,345.088,690.176,6173696,39254819,167
Minot State University,Masters Colleges and Universities--medium programs,0.211,3254,49842,0.661,2660,1004,3822,5036,0.14,0.232,0.682,0.676,251004312,232.92800000000003,684.7280000000001,3837288,19247592,350
Texas A&M International University,Masters Colleges and Universities--larger programs,0.166,6585,67946,0.611,4740,892,6578,6117,0.21,0.573,0.737,0.681,415625682,511.116,657.404,5867576,40237626,481
University of Missouri at St. Louis,Research Universities--high research activity,0.241,13569,48640,0.445,8375,1012,6556,5875,0.2,0.304,0.75,0.531,285760000,307.64799999999997,759,6634672,38516500,251
Radford University,Masters Colleges and Universities--larger programs,0.214,8913,51817,0.959,8551,980,7542,4317,0.41,0.285,0.781,0.668,223693989,279.29999999999995,765.38,7391160,32558814,523
University of Texas at Dallas,Research Universities--high research activity,0.246,13049,51464,0.815,10813,1262,9577,17865,0.45,0.354,0.881,0.747,919404360,446.748,1111.8220000000001,12086174,171093105,496
Lincoln University (Mo.),Masters Colleges and Universities--smaller programs,0.161,2892,68841,0.648,2235,1012,4839,2946,0.06,0.541,0.527,0.647,202805586,547.4920000000001,533.3240000000001,4897068,14255694,246
Montclair State University,Masters Colleges and Universities--larger programs,0.226,15431,54667,0.866,13857,970,6094,2233,0.34,0.373,0.856,0.346,122071411,361.81,830.3199999999999,5911180,13607902,277
University of Texas-Pan American,Masters Colleges and Universities--larger programs,0.18,17230,47790,0.761,14694,937,6920,3808,0.15,0.636,0.763,0.854,181984320,595.932,714.931,6484040,26351360,485
Pensacola State College,Associates--Public Rural-serving Large,0.23,11235,26206,0.398,8740,1012,3748,990,0,0.376,1,0.287,25943940,380.512,1012,3792976,3710520,93
William Paterson University,Masters Colleges and Universities--larger programs,0.201,10027,76275,0.825,9370,1010,7335,690,0.16,0.396,0.748,0.328,52629750,399.96000000000004,755.48,7408350,5061150,284
Maine Maritime Academy,Baccalaureate Colleges--Diverse Fields,0.168,994,145380,0.985,991,1026,6405,15340,0.52,0.288,0.754,0.67,2230129200,295.488,773.604,6571530,98252700,186
Ramapo College of New Jersey,Masters Colleges and Universities--medium programs,0.231,5614,65877,0.889,5753,1096,9017,2215,0.58,0.25,0.867,0.485,145917555,274,950.232,9882632,19972655,279
Ohio State University at Mansfield,Baccalaureate/Associates Colleges,0.17,1155,102118,0.837,1061,1012,4358,1846,0.2,0.47,0.632,0.425,188509828,475.64,639.5840000000001,4410296,8044868,373
Ft. Berthold Community College,Tribal Colleges,0.198,203,125673,0.631,170,1012,9101,7449,0.4,0.332,1,0.704,936138177,335.98400000000004,1012,9210212,67793349,348
University of South Carolina at Beaufort,Baccalaureate Colleges--Diverse Fields,0.16,1724,72022,0.798,1575,932,5765,50,0.09,0.396,0.558,0.47,3601100,369.072,520.056,5372980,288250,453
Missouri University of Science and Technology,Research Universities--high research activity,0.207,6145,54819,0.89,5273,1263,7379,23753,0.25,0.259,0.826,0.774,1302115707,327.117,1043.238,9319677,175273387,250
Pennsylvania State University-Shenango,Baccalaureate Colleges--Diverse Fields,0.24,568,0,0.555,451,889,6381,10666,0.14,0.547,0.773,0.477,0,486.283,687.197,5672709,68059746,421
Texas A&M University at Corpus Christi,Doctoral/Research Universities,0.185,9152,54712,0.791,7926,960,5072,1241,0.24,0.418,0.573,0.691,67897592,401.28,550.0799999999999,4869120,6294352,474
"Pennsylvania State University, Worthington-Scranton",Baccalaureate Colleges--Diverse Fields,0.161,1178,0,0.801,1066,941,5014,10289,0.22,0.465,0.654,0.51,0,437.565,615.414,4718174,51589046,423
Empire State College of State University of New York,Masters Colleges and Universities--medium programs,0.327,10827,35885,0.39,8993,1012,4230,1849,0.08,0.355,0.495,0.176,66351365,359.26,500.94,4280760,7821270,328
Northwest Missouri State University,Masters Colleges and Universities--larger programs,0.192,5542,51680,0.9,5393,1050,5990,4359,0.26,0.356,0.658,0.832,225273120,373.79999999999995,690.9,6289500,26110410,253
University of North Carolina at Wilmington,Masters Colleges and Universities--larger programs,0.229,12447,51425,0.917,12218,1154,5993,5626,0.51,0.282,0.864,0.7,289317050,325.42799999999994,997.056,6915922,33716618,342
East Tennessee State University,Doctoral/Research Universities,0.195,11820,77748,0.823,10945,1026,6947,7875,0.17,0.437,0.662,0.735,612265500,448.362,679.212,7127622,54707625,465
Colorado Mountain College,Associates--Public Rural-serving Large,0.16,5893,52626,0.338,3463,1012,3357,2325,0,0.234,1,0.178,122355450,236.80800000000002,1012,3397284,7805025,57
Kent State University at Ashtabula,Associates--Public 4-year Primarily Associates,0.164,2339,47013,0.286,1478,1012,3976,3808,0.01,0.594,0.492,0.45,179025504,601.1279999999999,497.904,4023712,15140608,361
Mansfield University of Pennsylvania,Masters Colleges and Universities--medium programs,0.209,2717,72118,0.903,2679,964,6033,279,0.34,0.439,0.719,0.626,20120922,423.196,693.116,5815812,1683207,417
College of Coastal Georgia,Associates--Public Rural-serving Medium,0.145,2987,68874,0.615,2447,940,4212,2548,0,0.513,0.574,0.523,175490952,482.22,539.56,3959280,10732176,107
Indiana University East,Baccalaureate Colleges--Diverse Fields,0.18,4326,39193,0.45,2754,943,5307,1832,0.09,0.361,0.675,0.357,71801576,340.423,636.5250000000001,5004501,9722424,149
Evergreen State College,Masters Colleges and Universities--smaller programs,0.274,4087,51319,0.921,4342,1081,14806,2222,0.42,0.443,0.741,0.716,114030818,478.883,801.021,16005286,32898932,534
Arizona State University at Tempe,Research Universities--very high research activity,0.237,38730,79866,0.903,38789,1145,8503,8058,0.37,0.338,0.844,0.876,643560228,387.01000000000005,966.38,9735935,68517174,15
Southern Polytechnic State University,Masters Colleges and Universities--medium programs,0.165,5732,59353,0.723,4742,1123,5061,1213,0.1,0.414,0.724,0.702,71995189,464.92199999999997,813.052,5683503,6138993,121
Emporia State University,Masters Colleges and Universities--larger programs,0.201,3873,48368,0.889,3392,1030,5084,13591,0.2,0.391,0.73,0.905,657369488,402.73,751.9,5236520,69096644,155
Tennessee State University,Doctoral/Research Universities,0.179,6816,80377,0.796,5869,1012,7041,5489,0.07,0.666,0.598,0.747,441189353,673.9920000000001,605.1759999999999,7125492,38648049,470
California State University at Fullerton,Masters Colleges and Universities--larger programs,0.269,33116,40380,0.806,26806,1021,8616,1476,0.13,0.406,0.885,0.462,59600880,414.526,903.585,8796936,12717216,35
Angelo State University,Masters Colleges and Universities--medium programs,0.198,5473,51851,0.858,5278,965,6209,21480,0.14,0.426,0.546,0.785,1113759480,411.09,526.89,5991685,133369320,472
Buffalo State College,Masters Colleges and Universities--larger programs,0.204,9355,61271,0.886,9281,975,5989,2738,0.25,0.459,0.753,0.494,167759998,447.52500000000003,734.175,5839275,16397882,317
Georgia Gwinnett College,Baccalaureate Colleges--Diverse Fields,0.054,9719,139236,0.703,7993,1012,4003,3808,0.05,0.531,0.632,0.645,530210688,537.3720000000001,639.5840000000001,4051036,15243424,580
Lake Washington Technical College,Associates--Public Suburban-serving Multicampus,0.259,3819,32834,0.502,2947,1012,5529,158,0,0.255,1,0.329,5187772,258.06,1012,5595348,873582,535
Missouri Southern State University,Baccalaureate Colleges--Diverse Fields,0.229,5587,45146,0.738,4423,990,4578,7231,0.15,0.607,0.661,0.635,326450726,600.93,654.39,4532220,33103518,247
University of New Orleans,Research Universities--high research activity,0.202,7144,53680,0.753,6594,1072,6242,2521,0.13,0.32,0.675,0.705,135327280,343.04,723.6,6691424,15736082,174
Clarion University of Pennsylvania,Masters Colleges and Universities--larger programs,0.205,5199,53754,0.841,5073,915,5238,3974,0.32,0.388,0.757,0.721,213618396,355.02000000000004,692.655,4792770,20815812,410
California State University at San Marcos,Masters Colleges and Universities--medium programs,0.234,10738,61411,0.824,7843,966,8393,2284,0.12,0.431,0.823,0.485,140262724,416.346,795.0179999999999,8107638,19169612,570
University of South Florida,Research Universities--very high research activity,0.263,31100,47794,0.763,28730,1168,6084,9188,0.35,0.413,0.888,0.752,439131272,482.38399999999996,1037.184,7106112,55899792,100
Morehead State University,Masters Colleges and Universities--larger programs,0.2,10076,60198,0.616,6632,1028,7119,5148,0.22,0.383,0.692,0.767,309899304,393.724,711.376,7318332,36648612,165
State University of New York at Stony Brook,Research Universities--very high research activity,0.227,15992,110471,0.931,16568,1253,6658,6730,0.45,0.351,0.901,0.69,743469830,439.803,1128.953,8342474,44808340,313
University of Southern Indiana,Masters Colleges and Universities--larger programs,0.181,8913,43190,0.827,8925,1004,9369,3890,0.14,0.323,0.688,0.502,168009100,324.29200000000003,690.752,9406476,36445410,143
Kent State University-Stark,Associates--Public 4-year Primarily Associates,0.044,4836,222141,0.458,3239,1012,4063,3808,0.08,0.538,0.633,0.42,845912928,544.456,640.596,4111756,15471904,363
Montana Tech of the University of Montana,Baccalaureate Colleges--Diverse Fields,0.179,1844,83079,0.901,1769,1115,6362,12290,0.19,0.36,0.688,0.708,1021040910,401.4,767.1199999999999,7093630,78188980,257
Southern Utah University,Masters Colleges and Universities--larger programs,0.211,7017,48765,0.749,6009,1066,7961,3223,0.21,0.384,0.647,0.748,157169595,409.344,689.702,8486426,25658303,507
State University of New York College at Plattsburgh,Masters Colleges and Universities--larger programs,0.237,5639,57572,0.92,5546,1026,5553,2624,0.4,0.353,0.838,0.556,151068928,362.178,859.788,5697378,14571072,327
University of Alaska-Southeast,Masters Colleges and Universities--smaller programs,0.162,2645,70131,0.31,1544,1012,4688,2108,0.04,0.183,0.716,0.475,147836148,185.196,724.592,4744256,9882304,14
Santa Fe College,Associates--Public Rural-serving Large,0.243,15113,25944,0.401,11819,1012,2232,1916,0,0.383,1,0.319,49708704,387.596,1012,2258784,4276512,96
Black Hills State University,Masters Colleges and Universities--smaller programs,0.172,4002,50397,0.621,2974,993,4271,2898,0.1,0.348,0.593,0.506,146050506,345.56399999999996,588.8489999999999,4241103,12377358,458
University of Washington-Bothell Campus,Masters Colleges and Universities--medium programs,0.294,4104,0,0.836,3545,1014,12589,12245,0.42,0.345,0.786,0.631,0,349.83,797.004,12765246,154152305,571
City University of New York John Jay College of Criminal Justice,Masters Colleges and Universities--larger programs,0.226,13217,74655,0.785,10903,950,6593,483,0.25,0.545,0.779,0.384,36058365,517.75,740.0500000000001,6263350,3184419,298
Dixie State College of Utah,Baccalaureate/Associates Colleges,0.253,8350,27553,0.619,6485,1012,4341,1608,0.08,0.48,0.598,0.386,44305224,485.76,605.1759999999999,4393092,6980328,505
Longwood University,Masters Colleges and Universities--medium programs,0.2,4497,59449,0.917,4254,1002,7519,12640,0.41,0.234,0.816,0.825,751435360,234.46800000000002,817.632,7534038,95040160,519
Florida Gulf Coast University,Masters Colleges and Universities--larger programs,0.207,12907,47479,0.786,10384,1024,4389,4807,0.22,0.347,0.766,0.654,228231553,355.328,784.384,4494336,21097923,576
Purdue University-Calumet,Masters Colleges and Universities--larger programs,0.182,8390,44358,0.576,6568,1012,5414,1898,0.09,0.326,0.688,0.553,84191484,329.91200000000003,696.256,5478968,10275772,150
Lock Haven University of Pennsylvania,Masters Colleges and Universities--smaller programs,0.191,4855,63666,0.931,4772,937,5664,1904,0.27,0.392,0.702,0.931,121220064,367.30400000000003,657.774,5307168,10784256,416
Clemson University,Research Universities--high research activity,0.216,16931,69378,0.948,16791,1259,13817,25762,0.59,0.178,0.919,0.868,1787316036,224.10199999999998,1157.021,17395603,355953554,449
Kent State University-East Liverpool,Associates--Public 2-year colleges under 4-year universities,0.167,1671,58392,0.139,690,1012,4047,3808,0.22,0.549,0.6,0.386,222356736,555.5880000000001,607.1999999999999,4095564,15410976,362
Sonoma State University,Masters Colleges and Universities--larger programs,0.237,8391,57842,0.915,7449,1006,8710,4095,0.25,0.297,0.84,0.486,236862990,298.782,845.04,8762260,35667450,53
University of Michigan at Dearborn,Masters Colleges and Universities--larger programs,0.206,7144,63139,0.674,5890,1012,5524,4275,0.14,0.43,0.84,0.57,269919225,435.15999999999997,850.0799999999999,5590288,23615100,219
Centralia College,Associates--Public Rural-serving Medium,0.207,3453,31961,0.523,2354,1012,7050,3646,0,0.309,1,0.622,116529806,312.70799999999997,1012,7134600,25704300,531
State University of New York College at Oneonta,Masters Colleges and Universities--smaller programs,0.231,5800,65274,0.978,5945,1097,5877,6137,0.53,0.287,0.874,0.592,400586538,314.839,958.778,6447069,36067149,322
Oklahoma Panhandle State University,Baccalaureate Colleges--Diverse Fields,0.222,1375,47265,0.757,1365,890,4465,2929,0.15,0.455,0.629,0.575,138439185,404.95,559.8100000000001,3973850,13077985,393
Peninsula College,Associates--Public 4-year Primarily Associates,0.212,2405,11640,0.593,2012,1012,5546,642,0,0.356,1,0.265,7472880,360.272,1012,5612552,3560532,538
University of Maryland-Eastern Shore,Masters Colleges and Universities--smaller programs,0.147,3530,105520,0.898,3658,871,9271,5200,0.13,0.551,0.678,0.597,548704000,479.92100000000005,590.538,8075041,48209200,195
Wichita State University,Research Universities--high research activity,0.202,11670,52344,0.755,9961,1089,4668,17845,0.21,0.36,0.745,1,934078680,392.03999999999996,811.305,5083452,83300460,161
University of Wisconsin at Eau Claire,Masters Colleges and Universities--medium programs,0.212,10404,54710,0.914,9841,1110,4913,4356,0.26,0.265,0.823,0.809,238316760,294.15000000000003,913.53,5453430,21401028,556
Palm Beach State College,Associates--Public Suburban-serving Multicampus,0.231,29763,20204,0.318,19938,1012,2757,879,0,0.469,1,0.238,17759316,474.628,1012,2790084,2423403,92
University of Southern Mississippi,Research Universities--high research activity,0.209,12475,51149,0.869,12055,1082,5435,5069,0.2,0.464,0.716,0.755,259274281,502.048,774.712,5880670,27550015,243
Ferris State University,Masters Colleges and Universities--larger programs,0.282,13477,49239,0.687,10929,1010,6641,3364,0.23,0.412,0.767,0.611,165639996,416.12,774.67,6707410,22340324,214
City University of New York York College,Baccalaureate Colleges--Diverse Fields,0.161,8261,96263,0.624,6274,905,6359,110,0.05,0.54,0.741,0.363,10588930,488.70000000000005,670.605,5754895,699490,303
Atlanta Metropolitan College,Associates--Public Urban-serving Single Campus,0.123,3016,57393,0.542,2437,1012,4197,3808,0,0.711,0.8,0.463,218552544,719.5319999999999,809.6,4247364,15982176,106
Utah State University,Research Universities--high research activity,0.223,24385,51787,0.626,19217,1087,6139,11426,0.25,0.36,0.658,0.963,591718262,391.32,715.246,6673093,70144214,508
Washington State University,Research Universities--very high research activity,0.25,23070,64554,0.88,21384,1030,9800,29245,0.4,0.332,0.798,0.771,1887881730,341.96000000000004,821.94,10094000,286601000,541
Alabama State University,Masters Colleges and Universities--larger programs,0.116,5356,132407,0.91,5035,830,7256,13202,0.08,0.827,0.622,0.67,1748037214,686.41,516.26,6022480,95793712,4
University of Maine at Fort Kent,Baccalaureate Colleges--Diverse Fields,0.203,1209,74513,0.491,835,908,5084,3659,0.36,0.322,0.592,0.379,272643067,292.37600000000003,537.536,4616272,18602356,184
Westfield State University,Masters Colleges and Universities--medium programs,0.22,5692,53878,0.878,5088,995,4767,934,0.43,0.261,0.791,0.463,50322052,259.695,787.0450000000001,4743165,4452378,210
Montana State University-Northern,Baccalaureate Colleges--Diverse Fields,0.239,1250,63484,0.734,1087,925,4006,3270,0.14,0.491,0.592,0.67,207592680,454.175,547.6,3705550,13099620,259
Texas Tech University,Research Universities--high research activity,0.202,27044,53332,0.9,24958,1116,6236,18131,0.32,0.289,0.823,0.865,966962492,322.524,918.468,6959376,113064916,502
Edison State College,Associates--Public 4-year Primarily Associates,0.226,15423,26400,0.327,10649,1012,4330,1684,0,0.399,1,0.251,44457600,403.788,1012,4381960,7291720,78
Lake-Sumter Community College,Associates--Public Suburban-serving Multicampus,0.222,4288,31596,0.291,2983,1012,4670,1390,0,0.312,1,0.328,43918440,315.74399999999997,1012,4726040,6491300,87
Texas Woman's University,Doctoral/Research Universities,0.255,9515,35185,0.706,7806,953,5809,3383,0.22,0.492,0.728,0.522,119030855,468.876,693.784,5535977,19651847,503
Fort Valley State University,Baccalaureate Colleges--Diverse Fields,0.113,2858,78466,0.899,2981,1012,5214,1782,0.07,0.765,0.586,0.818,139826412,774.1800000000001,593.0319999999999,5276568,9291348,112
Appalachian State University,Masters Colleges and Universities--larger programs,0.21,16025,47683,0.943,15858,1156,6819,4526,0.41,0.259,0.872,0.71,215813258,299.404,1008.032,7882764,30862794,331
Pennsylvania State University-York,Baccalaureate Colleges--Diverse Fields,0.139,1141,0,0.72,930,984,4391,10390,0.27,0.314,0.762,0.477,0,308.976,749.808,4320744,45622490,437
Armstrong Atlantic State University,Masters Colleges and Universities--larger programs,0.177,6377,47207,0.735,5831,997,5045,1417,0.1,0.434,0.674,0.625,66892319,432.698,671.9780000000001,5029865,7148765,105
Towson University,Masters Colleges and Universities--larger programs,0.238,18779,38386,0.883,17360,1078,7031,2990,0.4,0.25,0.86,0.526,114774140,269.5,927.08,7579418,21022690,199
Ball State University,Research Universities--high research activity,0.2,16300,65091,0.928,16423,1053,8528,8466,0.35,0.346,0.784,0.82,551060406,364.33799999999997,825.552,8979984,72198048,140
University of South Florida at St. Petersburg,Masters Colleges and Universities--medium programs,0.202,4025,46186,0.66,4072,1070,5005,3609,0.22,0.393,0.599,0.483,166685274,420.51,640.93,5355350,18063045,581
United States Merchant Marine Academy,Baccalaureate Colleges--Diverse Fields,0.141,958,247945,1,1427,1012,5352,3808,0.62,0.076,0.973,0.864,944174560,76.91199999999999,984.6759999999999,5416224,20380416,330
James Madison University,Masters Colleges and Universities--larger programs,0.223,18431,53415,0.951,18261,1149,6704,3391,0.65,0.134,0.924,0.691,181130265,153.966,1061.6760000000002,7702896,22733264,518
Kean University,Masters Colleges and Universities--larger programs,0.226,12078,58640,0.766,11076,905,6286,1059,0.18,0.409,0.736,0.26,62099760,370.145,666.08,5688830,6656874,276
Texas A&M University at Commerce,Doctoral/Research Universities,0.26,6969,31922,0.743,5700,987,6488,1859,0.24,0.495,0.669,0.581,59342998,488.565,660.303,6403656,12061192,476
Eastern New Mexico University,Masters Colleges and Universities--smaller programs,0.173,4567,54807,0.604,3694,932,5394,4320,0.12,0.41,0.581,0.51,236766240,382.12,541.492,5027208,23302080,286
Pennsylvania State University-Hazleton,Baccalaureate Colleges--Arts & Sciences,0.088,951,0,0.926,1026,948,5987,9377,0.29,0.456,0.762,0.675,0,432.288,722.376,5675676,56140099,432
Texas A&M University at College Station,Research Universities--very high research activity,0.242,44072,76132,0.899,38712,1182,8440,171461,0.49,0.216,0.914,0.89,13053668852,255.31199999999998,1080.348,9976080,1447130840,494
University of Alabama at Birmingham,Research Universities--very high research activity,0.209,11502,136546,0.727,10032,1146,6088,24136,0.29,0.351,0.802,0.924,3295674256,402.246,919.0920000000001,6976848,146939968,2
Shippensburg University of Pennsylvania,Masters Colleges and Universities--larger programs,0.207,6550,57495,0.949,6391,980,5536,4440,0.37,0.302,0.714,0.732,255277800,295.96,699.7199999999999,5425280,24579840,442
New Jersey City University,Masters Colleges and Universities--larger programs,0.204,6437,78530,0.742,5702,916,7258,973,0.04,0.561,0.695,0.316,76409690,513.8760000000001,636.62,6648328,7062034,275
West Virginia University at Parkersburg,Baccalaureate/Associates Colleges,0.251,3461,26678,0.615,2619,1012,3660,2883,0.07,0.276,0.7,0.362,76912674,279.312,708.4,3703920,10551780,548
Oklahoma State University at Stillwater,Research Universities--high research activity,0.204,20660,58727,0.861,18433,1138,7417,17463,0.32,0.291,0.786,0.867,1025549601,331.15799999999996,894.4680000000001,8440546,129523071,394
Massachusetts College of Art and Design,Schools of art- music- and design,0.202,2120,93571,0.791,1785,1081,7675,7580,0.48,0.257,0.844,0.291,709268180,277.817,912.3639999999999,8296675,58176500,205
University of Arkansas at Fort Smith,Baccalaureate/Associates Colleges,0.171,7170,49785,0.714,6103,1028,6161,11489,0.09,0.505,0.622,0.543,571979865,519.14,639.416,6333508,70783729,26
New Mexico Institute of Mining and Technology,Masters Colleges and Universities--medium programs,0.154,1604,90507,0.884,1439,1200,6834,16052,0.18,0.295,0.766,0.618,1452818364,354,919.2,8200800,109699368,289
Framingham State College,Masters Colleges and Universities--larger programs,0.177,4584,54742,0.847,4331,1040,4262,4663,0.33,0.283,0.731,0.572,255261946,294.32,760.24,4432480,19873706,202
University of Maryland-Baltimore County,Research Universities--high research activity,0.226,11136,60634,0.854,9738,1209,7762,6274,0.36,0.27,0.873,0.686,380417716,326.43,1055.457,9384258,48698788,194
University of Mary Washington,Masters Colleges and Universities--larger programs,0.241,4383,46652,0.877,4184,1110,5588,9026,0.65,0.154,0.8,0.635,421080952,170.94,888,6202680,50437288,520
Southern Oregon University,Masters Colleges and Universities--larger programs,0.174,5500,44371,0.66,4181,1020,5522,5298,0.18,0.385,0.669,0.659,235077558,392.7,682.38,5632440,29255556,405
Shepherd University,Masters Colleges and Universities--smaller programs,0.181,3990,51233,0.824,3615,1007,11550,6213,0.17,0.329,0.684,0.449,318310629,331.303,688.788,11630850,71760150,550
Northwestern Michigan College,Associates--Public Rural-serving Medium,0.238,4724,46516,0.413,3276,1012,3971,3126,0,0.413,1,0.318,145409016,417.95599999999996,1012,4018652,12413346,222
Delta State University,Masters Colleges and Universities--larger programs,0.219,2638,58848,0.821,2276,950,5689,6083,0.16,0.493,0.661,0.638,357972384,468.34999999999997,627.95,5404550,34606187,238
Virginia Commonwealth University,Research Universities--very high research activity,0.211,23356,74103,0.845,21713,1102,7328,19817,0.29,0.286,0.866,0.699,1468499151,315.17199999999997,954.332,8075456,145218976,526
Francis Marion University,Masters Colleges and Universities--smaller programs,0.165,3714,77892,0.893,3398,938,10809,6684,0.16,0.56,0.668,0.764,520630128,525.2800000000001,626.5840000000001,10138842,72247356,450
Salisbury University,Masters Colleges and Universities--larger programs,0.228,8004,41275,0.921,7923,1145,4660,5455,0.46,0.221,0.805,0.619,225155125,253.04500000000002,921.725,5335700,25420300,197
California State University-East Bay,Masters Colleges and Universities--larger programs,0.258,12146,47531,0.868,11053,910,9038,825,0.1,0.443,0.775,0.416,39213075,403.13,705.25,8224580,7456350,36
Northern Michigan University,Masters Colleges and Universities--medium programs,0.197,8221,55067,0.894,7912,1030,6086,1682,0.2,0.385,0.722,0.686,92622694,396.55,743.66,6268580,10236652,221
State University of New York College at Potsdam,Masters Colleges and Universities--larger programs,0.182,3707,84165,0.97,3963,1012,6021,4926,0.29,0.437,0.743,0.711,414596790,442.24399999999997,751.9159999999999,6093252,29659446,324
Johnson State College,Masters Colleges and Universities--smaller programs,0.269,1486,66868,0.643,1215,948,5565,3808,0.16,0.496,0.619,0.226,254633344,470.20799999999997,586.812,5275620,21191520,512
Coastal Carolina University,Masters Colleges and Universities--smaller programs,0.172,8867,76948,0.906,8432,993,7584,2881,0.26,0.377,0.626,0.69,221687188,374.361,621.618,7530912,21849504,454
University of Missouri at Kansas City,Research Universities--high research activity,0.208,10227,81361,0.666,8292,1012,6162,16139,0.2,0.321,0.733,0.62,1313085179,324.85200000000003,741.7959999999999,6235944,99448518,249
Iowa State University,Research Universities--very high research activity,0.201,27659,80398,0.946,25405,1145,6550,20907,0.37,0.226,0.871,0.845,1680880986,258.77,997.295,7499750,136940850,153
Indiana University at South Bend,Masters Colleges and Universities--medium programs,0.157,7512,56068,0.53,5191,962,5750,1979,0.05,0.337,0.635,0.56,110958572,324.194,610.87,5531500,11379250,146
Illinois State University,Doctoral/Research Universities,0.253,17749,64878,0.94,17086,1110,3918,4015,0.46,0.256,0.816,0.712,260485170,284.16,905.76,4348980,15730770,133
Eastern Connecticut State University,Masters Colleges and Universities--smaller programs,0.231,5179,71838,0.849,4862,1017,5238,2472,0.32,0.264,0.781,0.413,177583536,268.488,794.277,5327046,12948336,67
Midwestern State University,Masters Colleges and Universities--medium programs,0.234,5193,53469,0.744,4507,993,4996,3790,0.16,0.374,0.673,0.751,202647510,371.382,668.289,4961028,18934840,483
Columbus State University,Masters Colleges and Universities--larger programs,0.169,7013,56347,0.71,6037,984,5037,6514,0.12,0.456,0.665,0.588,367044358,448.704,654.36,4956408,32811018,109
University of Central Oklahoma,Masters Colleges and Universities--larger programs,0.194,15218,46525,0.72,12520,1030,5440,2077,0.09,0.35,0.651,0.524,96632425,360.5,670.53,5603200,11298880,388
State University of New York College at Oswego,Masters Colleges and Universities--larger programs,0.229,7328,58344,0.949,7100,1110,5565,2181,0.39,0.391,0.78,0.583,127248264,434.01,865.8000000000001,6177150,12137265,323
North Dakota State University,Research Universities--very high research activity,0.18,11948,60098,0.896,11236,1091,4754,28,0.25,0.225,0.78,0.981,1682744,245.475,850.98,5186614,133112,351
Pennsylvania State University-Greater Allegheny,Baccalaureate Colleges--Arts & Sciences,0.078,623,0,0.902,618,957,7155,11209,0.24,0.502,0.71,0.507,0,480.414,679.4699999999999,6847335,80200395,433
Metropolitan State College of Denver,Baccalaureate Colleges--Diverse Fields,0.17,22289,44603,0.592,16926,973,4290,73,0.05,0.385,0.658,0.378,3256019,374.605,640.234,4174170,313170,62
Pennsylvania State University-Brandywine,Baccalaureate Colleges--Diverse Fields,0.126,1492,0,0.84,1401,968,4691,7966,0.17,0.34,0.735,0.46,0,329.12,711.48,4540888,37368506,429
Montana State University at Bozeman,Research Universities--very high research activity,0.167,13174,68493,0.836,11903,1115,4601,8171,0.2,0.316,0.758,0.633,559656303,352.34000000000003,845.17,5130115,37594771,258
California State University at Northridge,Masters Colleges and Universities--larger programs,0.272,33771,42587,0.835,25175,918,9439,2387,0.13,0.485,0.782,0.46,101655169,445.22999999999996,717.876,8665002,22530893,39
College of Southern Nevada,Associates--Public 4-year Primarily Associates,0.112,34177,56984,0.26,18996,1012,2872,283,0,0.299,1,0.371,16126472,302.58799999999997,1012,2906464,812776,266
Rhode Island College,Masters Colleges and Universities--larger programs,0.189,7505,68125,0.746,6422,930,4712,2236,0.14,0.39,0.775,0.434,152327500,362.7,720.75,4382160,10536032,446
Bowling Green State University,Research Universities--high research activity,0.191,14477,61675,0.925,14455,1009,6379,9758,0.31,0.343,0.701,0.708,601824650,346.08700000000005,707.309,6436411,62246282,355
University of Colorado at Colorado Springs,Masters Colleges and Universities--larger programs,0.193,9220,54914,0.755,7506,1068,5176,3808,0.26,0.322,0.714,0.529,209112512,343.896,762.552,5527968,19710208,56
University of Texas at Brownsville,Masters Colleges and Universities--medium programs,0.221,11220,50930,0.518,8538,1012,4851,1755,0.08,0.575,0.457,0.675,89382150,581.9,462.48400000000004,4909212,8513505,486
Western Illinois University,Masters Colleges and Universities--larger programs,0.244,9873,68664,0.892,9526,970,7051,2988,0.29,0.428,0.634,0.903,205168032,415.15999999999997,614.98,6839470,21068388,139
Hunter College of the City University of New York,Masters Colleges and Universities--larger programs,0.203,16689,54842,0.704,13860,1160,6270,4005,0.21,0.41,0.867,0.369,219642210,475.59999999999997,1005.72,7273200,25111350,297
Miami Dade College,Associates--Public 4-year Primarily Associates,0.21,66298,23317,0.401,53787,1012,3956,3411,0,0.516,1,0.273,79534287,522.192,1012,4003472,13493916,89
Kent State University-Trumbull,Associates--Public 4-year Primarily Associates,0.055,3061,169362,0.303,1816,1012,4016,3808,0.06,0.61,0.548,0.496,644930496,617.3199999999999,554.576,4064192,15292928,364
Wayne State College,Masters Colleges and Universities--larger programs,0.188,2991,54301,0.914,2766,1012,4821,4753,0.24,0.397,0.619,0.618,258092653,401.764,626.428,4878852,22914213,265
University of Wisconsin at Whitewater,Masters Colleges and Universities--larger programs,0.194,10864,47340,0.91,10165,1030,4797,1554,0.27,0.296,0.769,0.781,73566360,304.88,792.07,4940910,7454538,555
University of Arkansas at Pine Bluff,Baccalaureate Colleges--Diverse Fields,0.145,2521,84603,0.912,2494,842,7549,681,0.05,0.699,0.562,0.811,57614643,588.558,473.20400000000006,6356258,5140869,19
University of North Carolina at Asheville,Baccalaureate Colleges--Arts & Sciences,0.209,3736,73746,0.838,3292,1190,6768,10246,0.37,0.319,0.803,0.796,755601516,379.61,955.57,8053920,69344928,336
Idaho State University,Research Universities--high research activity,0.183,11418,59914,0.614,8853,1012,5041,3835,0.11,0.475,0.685,0.717,229770190,480.7,693.22,5101492,19332235,128
State University of New York Maritime College,Baccalaureate Colleges--Diverse Fields,0.146,1601,109659,0.948,2004,1056,5774,2048,0.25,0.231,0.793,0.63,224581632,243.936,837.408,6097344,11825152,329
Georgia State University,Research Universities--very high research activity,0.201,24868,49608,0.74,21951,1060,5995,5272,0.21,0.509,0.823,0.736,261533376,539.54,872.38,6354700,31605640,117
University of Wisconsin-Stout,Masters Colleges and Universities--larger programs,0.21,8208,54440,0.831,7469,1030,4672,5158,0.2,0.296,0.733,0.698,280801520,304.88,754.99,4812160,24098176,561
Ohio University Lancaster Campus,Associates--Public 4-year Primarily Associates,0.052,2596,115119,0.471,1869,1012,4986,3808,0.07,0.377,0.601,0.175,438373152,381.524,608.212,5045832,18986688,379
University of Washington-Tacoma Campus,Masters Colleges and Universities--medium programs,0.341,3626,0,0.859,3326,963,13013,12538,0.29,0.464,0.777,0.701,0,446.83200000000005,748.251,12531519,163156994,572
University of Wisconsin at Oshkosh,Masters Colleges and Universities--larger programs,0.194,12622,53657,0.728,10065,1030,4938,1529,0.17,0.276,0.752,0.69,82041553,284.28000000000003,774.56,5086140,7550202,559
Western Connecticut State University,Masters Colleges and Universities--medium programs,0.184,5492,81823,0.8,5044,1012,10788,3808,0.21,0.284,0.743,0.347,311581984,287.40799999999996,751.9159999999999,10917456,41080704,69
University of Northern Iowa,Masters Colleges and Universities--larger programs,0.227,10380,59160,0.899,9694,1012,5304,7364,0.36,0.27,0.83,0.743,435654240,273.24,839.9599999999999,5367648,39058656,154
California Maritime Academy,Baccalaureate Colleges--Diverse Fields,0.147,1045,183782,0.965,1209,1080,9009,4413,0.42,0.376,0.821,0.663,811029966,406.08,886.68,9729720,39756717,48
Georgia College & State University,Masters Colleges and Universities--larger programs,0.208,5729,52917,0.919,5540,1126,6178,5101,0.38,0.218,0.846,0.765,269929617,245.468,952.596,6956428,31513978,115
Humboldt State University,Masters Colleges and Universities--medium programs,0.197,7767,77258,0.934,7081,1008,8748,3387,0.1,0.516,0.776,0.541,261672846,520.128,782.208,8817984,29629476,49
City University of New York Brooklyn College,Masters Colleges and Universities--larger programs,0.217,13596,63002,0.702,11157,1100,6313,5346,0.24,0.482,0.864,0.451,336808692,530.1999999999999,950.4,6944300,33749298,294
Louisiana State University at Shreveport,Masters Colleges and Universities--medium programs,0.178,3674,47041,0.571,2891,1030,6119,5688,0.14,0.3,0.662,0.717,267569208,309,681.86,6302570,34804872,171
University of California at Davis,Research Universities--very high research activity,0.266,26533,129507,0.973,25844,1192,15201,7855,0.51,0.43,0.929,0.815,1017277485,512.56,1107.3680000000002,18119592,119403855,41
City University of New York Bernard M. Baruch College,Masters Colleges and Universities--larger programs,0.225,14082,50360,0.738,12741,1225,6607,9000,0.39,0.45,0.876,0.462,453240000,551.25,1073.1,8093575,59463000,293
University of Akron,Research Universities--high research activity,0.176,20477,63412,0.775,18964,1016,5181,8639,0.15,0.415,0.664,0.465,547816268,421.64,674.624,5263896,44758659,354
Central Washington University,Masters Colleges and Universities--medium programs,0.24,10423,45996,0.863,10514,986,7806,1546,0.42,0.355,0.739,0.676,71109816,350.03,728.654,7696716,12068076,530
California State University at Long Beach,Masters Colleges and Universities--larger programs,0.261,30593,41585,0.844,25679,1012,8779,1788,0.14,0.473,0.888,0.503,74353980,478.676,898.6560000000001,8884348,15696852,37
Oglala Lakota College,Tribal Colleges,0.166,1517,120231,0.583,1005,1012,6698,37398,0.05,0.512,0.426,1,4496398938,518.144,431.11199999999997,6778376,250491804,461
Grand Valley State University,Masters Colleges and Universities--larger programs,0.217,21235,52585,0.88,19755,1090,5001,3933,0.33,0.363,0.816,0.659,206816805,395.67,889.4399999999999,5451090,19668933,215
Ohio University Eastern Campus,Associates--Public 4-year Primarily Associates,0.025,1091,276480,0.413,670,1012,3810,3808,0.06,0.273,0.612,0.279,1052835840,276.276,619.3439999999999,3855720,14508480,376
Northwest Indian College,Tribal Colleges,0.141,681,141135,0.755,548,1012,5653,3808,0,0.825,0.25,0.337,537442080,834.9,253,5720836,21526624,573
Citadel,Masters Colleges and Universities--larger programs,0.175,2735,79143,0.92,3105,1080,11244,58834,0.62,0.235,0.846,0.694,4656299262,253.79999999999998,913.68,12143520,661529496,448
Fayetteville State University,Masters Colleges and Universities--medium programs,0.199,5410,63725,0.734,4714,851,5406,3374,0.12,0.587,0.713,0.808,215008150,499.537,606.7629999999999,4600506,18239844,334
University of South Alabama,Research Universities--high research activity,0.173,11307,80461,0.775,10289,1064,6250,11350,0.14,0.374,0.679,0.686,913232350,397.936,722.456,6650000,70937500,11
City University of New York College of Staten Island,Masters Colleges and Universities--larger programs,0.176,13465,75038,0.727,11120,1000,6180,433,0.27,0.446,0.829,0.345,32491454,446,829,6180000,2675940,295
Purdue University at West Lafayette,Research Universities--very high research activity,0.234,30446,92605,0.941,30776,1211,8993,55060,0.41,0.206,0.906,0.851,5098831300,249.46599999999998,1097.166,10890523,495154580,567
San Jose State University,Masters Colleges and Universities--larger programs,0.25,25862,44897,0.806,20414,1030,8622,4276,0.07,0.395,0.878,0.402,191979572,406.85,904.34,8880660,36867672,52
Haskell Indian Nations University,Tribal Colleges,0.238,742,61002,0.972,729,1012,5701,3808,0,0.699,1,1,232295616,707.3879999999999,1012,5769412,21709408,157
East Stroudsburg University of Pennsylvania,Masters Colleges and Universities--larger programs,0.207,6186,67104,0.888,5774,946,5198,2435,0.35,0.303,0.713,0.807,163398240,286.638,674.4979999999999,4917308,12657130,411
Elizabeth City State University,Baccalaureate Colleges--Diverse Fields,0.149,2336,106968,0.919,2727,849,7303,1815,0.21,0.703,0.725,0.972,194146920,596.847,615.525,6200247,13254945,333
California University of Pennsylvania,Masters Colleges and Universities--larger programs,0.219,6450,43906,0.876,6140,964,5741,2302,0.31,0.38,0.798,0.657,101071612,366.32,769.272,5534324,13215782,408
University of Cincinnati-Clermont College,Associates--Public 2-year colleges under 4-year universities,0.169,3446,47521,0.604,2722,1012,4634,525,0,0.439,1,0.249,24948525,444.26800000000003,1012,4689608,2432850,358
Brevard Community College,Associates--Public Rural-serving Large,0.251,16711,21975,0.355,12053,1012,3732,1337,0,0.366,1,0.288,29380575,370.392,1012,3776784,4989684,72
Albany State University,Masters Colleges and Universities--medium programs,0.147,3660,73692,0.825,3331,887,5368,485,0.16,0.723,0.697,0.641,35740620,641.3009999999999,618.2389999999999,4761416,2603480,104
University of Wisconsin at Superior,Masters Colleges and Universities--smaller programs,0.205,2527,79836,0.799,2203,1010,5226,5303,0.13,0.418,0.657,0.788,423370308,422.18,663.57,5278260,27713478,562
University of New Hampshire at Manchester,Baccalaureate Colleges--Arts & Sciences,0.252,833,59771,0.719,760,1012,10936,1799,0.29,0.247,0.667,0.275,107528029,249.964,675.004,11067232,19673864,271
North Carolina State University,Research Universities--very high research activity,0.226,24536,75285,0.875,24073,1229,9025,25201,0.41,0.225,0.926,0.861,1897257285,276.52500000000003,1138.054,11091725,227439025,341
Slippery Rock University of Pennsylvania,Masters Colleges and Universities--larger programs,0.214,7595,55944,0.929,7916,1002,5520,2334,0.39,0.322,0.824,0.861,130573296,322.644,825.6479999999999,5531040,12883680,443
Chadron State College,Baccalaureate Colleges--Diverse Fields,0.175,2432,55713,0.729,1984,1012,5296,7436,0.16,0.334,0.673,0.591,414281868,338.00800000000004,681.076,5359552,39381056,261
University of California at Irvine,Research Universities--very high research activity,0.265,23530,107625,0.983,23595,1122,16066,8945,0.67,0.432,0.918,0.774,962705625,484.704,1029.996,18026052,143710370,42
Mesa State College,Baccalaureate Colleges--Arts & Sciences,0.141,9576,56882,0.759,7618,972,2685,2499,0.13,0.402,0.653,0.45,142148118,390.744,634.716,2609820,6709815,61
Keene State College,Masters Colleges and Universities--smaller programs,0.228,4799,62502,0.946,5010,975,6266,4033,0.51,0.239,0.764,0.498,252070566,233.02499999999998,744.9,6109350,25270778,270
Rutgers University at Newark,Research Universities--high research activity,0.217,7217,0,0.807,7292,1059,9830,13352,0.32,0.464,0.742,0.583,0,491.37600000000003,785.778,10409970,131250160,281
New Jersey Institute of Technology,Research Universities--high research activity,0.149,7317,82636,0.78,8038,1142,11615,7963,0.23,0.39,0.86,0.652,658030468,445.38,982.12,13264330,92490245,278
Worcester State College,Masters Colleges and Universities--medium programs,0.189,5556,45447,0.741,4686,1016,4441,2073,0.34,0.271,0.803,0.496,94211631,275.336,815.8480000000001,4512056,9206193,211
University of Michigan at Flint,Masters Colleges and Universities--larger programs,0.184,7143,56291,0.629,5610,993,6891,11913,0.09,0.452,0.799,0.533,670594683,448.836,793.407,6842763,82092483,220
University of Central Missouri,Masters Colleges and Universities--larger programs,0.215,9974,47923,0.831,8560,990,5339,3423,0.3,0.381,0.688,0.84,164040429,377.19,681.1199999999999,5285610,18275397,244
Minnesota State University Moorhead,Masters Colleges and Universities--medium programs,0.218,6163,52373,0.829,5740,1049,4375,1655,0.21,0.331,0.677,0.616,86677315,347.219,710.173,4589375,7240625,233
Pennsylvania College of Technology,Baccalaureate/Associates Colleges,0.284,5678,80605,0.841,5291,1012,5559,1670,0.27,0.402,0.703,0.614,134610350,406.824,711.4359999999999,5625708,9283530,569
Clayton State University,Baccalaureate Colleges--Diverse Fields,0.204,6893,49540,0.571,5585,939,4633,686,0.08,0.578,0.727,0.73,33984440,542.742,682.653,4350387,3178238,108
Vincennes University,Associates--Public 4-year Primarily Associates,0.16,18383,37427,0.329,9876,1012,10031,3380,0.25,0.222,0.52,0.162,126503260,224.66400000000002,526.24,10151372,33904780,152
Pennsylvania State University-Schuylkill,Baccalaureate Colleges--Diverse Fields,0.096,837,0,0.786,774,850,6290,10441,0.24,0.528,0.708,0.519,0,448.8,601.8,5346500,65673890,436
Pennsylvania State University-Erie,Masters Colleges and Universities--smaller programs,0.202,3943,0,0.934,3962,1052,4977,9991,0.45,0.316,0.832,0.79,0,332.432,875.264,5235804,49725207,419
Northern Illinois University,Research Universities--high research activity,0.256,15814,66633,0.874,14566,1010,7741,3355,0.26,0.43,0.665,0.791,223553715,434.3,671.6500000000001,7818410,25971055,134
Winston-Salem State University,Masters Colleges and Universities--medium programs,0.242,4938,60933,0.874,5048,889,6634,3898,0.17,0.572,0.75,0.781,237516834,508.508,666.75,5897626,25859332,344
University of Alabama at Huntsville,Research Universities--very high research activity,0.209,5696,64418,0.744,5000,1180,6647,11502,0.16,0.328,0.81,0.655,740935836,387.04,955.8000000000001,7843460,76453794,3
Texas A&M University at Kingsville,Doctoral/Research Universities,0.216,9430,44842,0.68,7471,895,6888,2018,0.17,0.543,0.637,0.643,90491156,485.985,570.115,6164760,13899984,493
Tarleton State University,Masters Colleges and Universities--larger programs,0.243,11348,36585,0.691,7988,984,5525,3803,0.21,0.411,0.683,0.523,139132755,404.424,672.072,5436600,21011575,492
California State University-Stanislaus,Masters Colleges and Universities--larger programs,0.246,7754,54098,0.844,6243,917,9087,1455,0.18,0.577,0.872,0.563,78712590,529.1089999999999,799.624,8332779,13221585,29
Florida A&M University,Doctoral/Research Universities,0.141,8930,80971,0.9,9654,947,7165,6827,0.11,0.644,0.815,0.802,552789017,609.868,771.805,6785255,48915455,79
Lander University,Baccalaureate Colleges--Diverse Fields,0.159,2792,58733,0.926,2798,945,7816,4753,0.32,0.491,0.614,0.554,279157949,463.995,580.23,7386120,37149448,451
University of Southern Maine,Masters Colleges and Universities--larger programs,0.242,7098,60163,0.603,5407,1003,5337,4567,0.09,0.364,0.67,0.472,274764421,365.092,672.01,5353011,24374079,188
University of the District of Columbia,Masters Colleges and Universities--smaller programs,0.165,4712,151215,0.421,3454,1012,4636,9456,0.05,0.492,0.583,0.451,1429889040,497.904,589.996,4691632,43838016,71
San Diego State University,Research Universities--high research activity,0.256,27099,47319,0.887,24201,1090,9645,5770,0.32,0.396,0.878,0.541,273030630,431.64000000000004,957.02,10513050,55651650,50
Valley City State University,Baccalaureate Colleges--Diverse Fields,0.216,1211,63240,0.627,974,967,4969,4742,0.22,0.264,0.644,0.563,299884080,255.288,622.748,4805023,23562998,353
Northeastern State University,Masters Colleges and Universities--larger programs,0.223,7418,43665,0.712,6192,970,6682,1715,0.11,0.493,0.681,0.528,74885475,478.21,660.57,6481540,11459630,391
Western State College of Colorado,Baccalaureate Colleges--Arts & Sciences,0.199,2193,67866,0.852,1865,1005,5929,3808,0.22,0.314,0.684,0.725,258433728,315.57,687.4200000000001,5958645,22577632,65
Kutztown University of Pennsylvania,Masters Colleges and Universities--larger programs,0.203,8815,66584,0.939,8647,959,5469,2066,0.34,0.316,0.729,0.909,137562544,303.044,699.111,5244771,11298954,414
Indiana University of Pennsylvania,Doctoral/Research Universities,0.184,12668,58689,0.943,12933,973,5529,2713,0.31,0.362,0.734,0.65,159223257,352.226,714.182,5379717,15000177,413
University of Wisconsin at La Crosse,Masters Colleges and Universities--larger programs,0.187,9702,51096,0.947,9255,1130,4494,1919,0.35,0.226,0.866,0.854,98053224,255.38,978.58,5078220,8623986,558
Youngstown State University,Masters Colleges and Universities--larger programs,0.149,12138,66941,0.777,10770,1012,5764,18487,0.08,0.512,0.693,0.401,1237538267,518.144,701.3159999999999,5833168,106559068,386
California State University-Channel Islands,Masters Colleges and Universities--smaller programs,0.286,4963,76167,0.863,4086,954,8718,1610,0.2,0.396,0.781,0.474,122628870,377.784,745.0740000000001,8316972,14035980,578
Edinboro University of Pennsylvania,Masters Colleges and Universities--larger programs,0.181,5864,61189,0.907,5676,930,6181,2675,0.23,0.456,0.723,0.859,163680575,424.08000000000004,672.39,5748330,16534175,412
California State University at Chico,Masters Colleges and Universities--larger programs,0.252,15290,47231,0.929,14249,1014,9124,2401,0.16,0.389,0.866,0.528,113401631,394.446,878.124,9251736,21906724,32
South Texas College,Associates--Public 4-year Primarily Associates,0.147,31232,30014,0.331,19701,1012,3991,17,0,0.423,0.857,0.554,510238,428.07599999999996,867.284,4038892,67847,574
West Liberty University,Baccalaureate Colleges--Diverse Fields,0.178,2660,47454,0.827,2574,984,7020,3871,0.22,0.4,0.677,0.615,183694434,393.6,666.168,6907680,27174420,552
Louisiana State University at Alexandria,Baccalaureate Colleges--Arts & Sciences,0.173,2211,62725,0.569,1696,950,4571,8162,0.07,0.409,0.536,0.625,511961450,388.54999999999995,509.20000000000005,4342450,37308502,170
"Pennsylvania State University, Wilkes-Barre",Baccalaureate Colleges--Diverse Fields,0.125,606,0,0.856,591,995,5019,9223,0.3,0.335,0.812,0.648,0,333.32500000000005,807.94,4993905,46290237,422
"State College of Florida, Manatee-Sarasota",Associates--Public Urban-serving Multicampus,0.202,10533,30474,0.416,8012,1012,4066,1487,0,0.463,1,0.257,45314838,468.55600000000004,1012,4114792,6046142,88
Western New Mexico University,Masters Colleges and Universities--medium programs,0.168,2849,54044,0.53,2002,1012,2895,5247,0.12,0.467,0.548,0.435,283568868,472.60400000000004,554.576,2929740,15190065,292
Southeastern Oklahoma State University,Masters Colleges and Universities--medium programs,0.197,3498,42141,0.763,3094,1012,6830,5805,0.13,0.478,0.574,0.555,244628505,483.736,580.8879999999999,6911960,39648150,399
West Virginia State University,Baccalaureate Colleges--Arts & Sciences,0.178,2622,72032,0.72,2089,942,6123,1942,0.03,0.461,0.518,0.636,139886144,434.262,487.956,5767866,11890866,551
Western Michigan University,Research Universities--high research activity,0.215,19198,61374,0.827,17592,1030,6217,12566,0.24,0.397,0.737,0.609,771225684,408.91,759.11,6403510,78122822,226
Virginia Tech,Research Universities--very high research activity,0.231,24034,63119,0.978,25061,1220,8540,20679,0.6,0.173,0.912,0.832,1305237801,211.05999999999997,1112.64,10418800,176598660,525
Miami University at Hamilton,Associates--Public 4-year Primarily Associates,0.068,3621,102456,0.696,2906,1012,4337,3808,0.07,0.474,0.648,0.376,390152448,479.688,655.7760000000001,4389044,16515296,369
Fashion Institute of Technology,Masters Colleges and Universities--smaller programs,0.375,9566,52850,0.759,8896,1012,5115,3499,0,0.238,0.884,0.254,184922150,240.856,894.6080000000001,5176380,17897385,304
George Mason University,Research Universities--high research activity,0.241,21990,54211,0.785,19480,1155,6609,2229,0.43,0.268,0.873,0.56,120836319,309.54,1008.315,7633395,14731461,517
California State University at Bakersfield,Masters Colleges and Universities--larger programs,0.217,7350,52362,0.887,6915,901,11089,2668,0.15,0.584,0.744,0.651,139701816,526.184,670.344,9991189,29585452,28
